LSOA name,Crime type,Crime count
Unknown LSOA name,Violence and sexual offences,1753
Luton 023A,Violence and sexual offences,858
Luton 017B,Shoplifting,847
Luton 023C,Shoplifting,804
Bedford 012H,Violence and sexual offences,770
Bedford 012A,Violence and sexual offences,669
Bedford 010F,Violence and sexual offences,593
Luton 014G,Shoplifting,570
Luton 021G,Violence and sexual offences,559
Bedford 007E,Shoplifting,498
Bedford 012F,Violence and sexual offences,492
Bedford 015G,Violence and sexual offences,439
Luton 021B,Shoplifting,432
Central Bedfordshire 004C,Violence and sexual offences,401
Bedford 018B,Violence and sexual offences,373
Central Bedfordshire 026A,Violence and sexual offences,368
Luton 023B,Violence and sexual offences,364
Central Bedfordshire 011A,Shoplifting,358
Luton 023D,Violence and sexual offences,357
Luton 013A,Violence and sexual offences,345
Bedford 007A,Shoplifting,329
Central Bedfordshire 021A,Violence and sexual offences,327
Central Bedfordshire 029C,Violence and sexual offences,292
Bedford 014E,Shoplifting,287
Central Bedfordshire 027C,Shoplifting,265
Luton 020E,Violence and sexual offences,258
Bedford 015D,Shoplifting,255
Central Bedfordshire 025E,Violence and sexual offences,249
Bedford 010E,Violence and sexual offences,247
Luton 003B,Violence and sexual offences,244
Luton 020A,Violence and sexual offences,238
Bedford 015C,Violence and sexual offences,232
Central Bedfordshire 005C,Violence and sexual offences,216
Luton 022E,Violence and sexual offences,216
Luton 020D,Violence and sexual offences,215
Luton 019C,Violence and sexual offences,208
Central Bedfordshire 026B,Violence and sexual offences,208
Central Bedfordshire 019C,Vehicle crime,208
Bedford 013B,Violence and sexual offences,208
Luton 002C,Violence and sexual offences,204
Luton 019B,Violence and sexual offences,203
Luton 004D,Shoplifting,201
Central Bedfordshire 021C,Violence and sexual offences,197
Luton 021F,Violence and sexual offences,194
Luton 006B,Violence and sexual offences,193
Luton 022D,Violence and sexual offences,191
Luton 015B,Violence and sexual offences,190
Central Bedfordshire 021E,Violence and sexual offences,187
Luton 005A,Violence and sexual offences,186
Luton 017D,Violence and sexual offences,183
Central Bedfordshire 029G,Violence and sexual offences,183
Luton 017E,Violence and sexual offences,180
Bedford 015H,Violence and sexual offences,179
Luton 016A,Violence and sexual offences,176
Luton 015C,Violence and sexual offences,175
Luton 021H,Violence and sexual offences,174
Bedford 022C,Violence and sexual offences,173
Luton 022C,Violence and sexual offences,171
Luton 022A,Violence and sexual offences,170
Bedford 014F,Violence and sexual offences,169
Central Bedfordshire 030C,Violence and sexual offences,163
Central Bedfordshire 001A,Violence and sexual offences,161
Bedford 022D,Violence and sexual offences,160
Luton 011D,Violence and sexual offences,160
Luton 021A,Violence and sexual offences,158
Luton 017A,Violence and sexual offences,158
Luton 015D,Violence and sexual offences,156
Luton 009F,Violence and sexual offences,154
Luton 014D,Other theft,153
Bedford 014B,Violence and sexual offences,152
Bedford 015A,Violence and sexual offences,152
Bedford 022B,Shoplifting,151
Central Bedfordshire 033B,Violence and sexual offences,151
Central Bedfordshire 025B,Violence and sexual offences,149
Bedford 010C,Violence and sexual offences,148
Bedford 007C,Violence and sexual offences,148
Bedford 021B,Violence and sexual offences,146
Central Bedfordshire 026C,Violence and sexual offences,145
Central Bedfordshire 005F,Violence and sexual offences,145
Luton 013C,Violence and sexual offences,142
Bedford 013D,Violence and sexual offences,141
Luton 006G,Violence and sexual offences,139
Luton 019D,Violence and sexual offences,139
Bedford 016D,Violence and sexual offences,138
Central Bedfordshire 016C,Shoplifting,137
Bedford 014A,Violence and sexual offences,135
Central Bedfordshire 025D,Violence and sexual offences,134
Luton 003F,Violence and sexual offences,133
Luton 012F,Violence and sexual offences,133
Central Bedfordshire 011D,Violence and sexual offences,130
Central Bedfordshire 003C,Violence and sexual offences,130
Luton 012C,Violence and sexual offences,129
Bedford 010A,Violence and sexual offences,128
Luton 003C,Violence and sexual offences,127
Luton 020B,Violence and sexual offences,126
Bedford 017A,Violence and sexual offences,125
Luton 009E,Violence and sexual offences,125
Bedford 003A,Violence and sexual offences,125
Luton 020C,Violence and sexual offences,124
Central Bedfordshire 028G,Violence and sexual offences,124
Central Bedfordshire 014D,Violence and sexual offences,123
Luton 017F,Violence and sexual offences,123
Central Bedfordshire 009C,Shoplifting,123
Luton 022B,Violence and sexual offences,122
Luton 008F,Shoplifting,121
Central Bedfordshire 014E,Violence and sexual offences,121
Central Bedfordshire 002D,Violence and sexual offences,121
Luton 016B,Violence and sexual offences,120
Luton 017C,Violence and sexual offences,120
Central Bedfordshire 020C,Violence and sexual offences,120
Luton 010B,Violence and sexual offences,119
Bedford 018C,Violence and sexual offences,119
Bedford 005A,Violence and sexual offences,117
Bedford 015F,Violence and sexual offences,116
Luton 010E,Violence and sexual offences,115
Central Bedfordshire 026D,Violence and sexual offences,114
Central Bedfordshire 010C,Violence and sexual offences,114
Bedford 013E,Violence and sexual offences,114
Bedford 002C,Violence and sexual offences,113
Bedford 020B,Violence and sexual offences,112
Luton 012D,Violence and sexual offences,111
Luton 011F,Violence and sexual offences,111
Central Bedfordshire 019G,Violence and sexual offences,110
Luton 004A,Violence and sexual offences,110
Central Bedfordshire 025C,Violence and sexual offences,110
Central Bedfordshire 019A,Violence and sexual offences,109
Luton 011C,Violence and sexual offences,109
Luton 006F,Violence and sexual offences,109
Bedford 017B,Violence and sexual offences,108
Central Bedfordshire 027B,Violence and sexual offences,108
Central Bedfordshire 019E,Violence and sexual offences,108
Luton 010A,Violence and sexual offences,107
Central Bedfordshire 029A,Violence and sexual offences,106
Central Bedfordshire 018D,Violence and sexual offences,105
Bedford 021A,Shoplifting,105
Central Bedfordshire 029F,Violence and sexual offences,104
Bedford 009C,Violence and sexual offences,103
Central Bedfordshire 028C,Violence and sexual offences,102
Luton 021D,Violence and sexual offences,102
Luton 006D,Violence and sexual offences,102
Luton 010F,Violence and sexual offences,102
Bedford 018F,Violence and sexual offences,101
Central Bedfordshire 006A,Shoplifting,101
Central Bedfordshire 010A,Violence and sexual offences,101
Central Bedfordshire 029B,Violence and sexual offences,100
Luton 005B,Violence and sexual offences,100
Central Bedfordshire 004D,Other theft,100
Bedford 022A,Violence and sexual offences,100
Central Bedfordshire 005B,Violence and sexual offences,100
Central Bedfordshire 022C,Violence and sexual offences,100
Luton 015A,Violence and sexual offences,99
Luton 005F,Violence and sexual offences,98
Central Bedfordshire 024F,Violence and sexual offences,98
Central Bedfordshire 026E,Violence and sexual offences,98
Luton 014A,Violence and sexual offences,97
Central Bedfordshire 014B,Violence and sexual offences,97
Luton 011A,Violence and sexual offences,97
Luton 019A,Violence and sexual offences,96
Bedford 016A,Violence and sexual offences,96
Central Bedfordshire 010E,Violence and sexual offences,96
Bedford 021D,Violence and sexual offences,96
Bedford 021C,Violence and sexual offences,96
Bedford 014C,Violence and sexual offences,96
Central Bedfordshire 013D,Violence and sexual offences,96
Luton 010C,Violence and sexual offences,95
Central Bedfordshire 002B,Violence and sexual offences,95
Luton 009D,Violence and sexual offences,94
Bedford 013C,Violence and sexual offences,94
Bedford 013A,Violence and sexual offences,94
Bedford 007F,Violence and sexual offences,93
Bedford 005C,Violence and sexual offences,92
Bedford 018A,Violence and sexual offences,92
Bedford 014D,Violence and sexual offences,91
Central Bedfordshire 012C,Violence and sexual offences,91
Luton 009B,Violence and sexual offences,91
Luton 005E,Violence and sexual offences,91
Central Bedfordshire 015A,Violence and sexual offences,90
Central Bedfordshire 029D,Violence and sexual offences,90
Bedford 009A,Violence and sexual offences,90
Central Bedfordshire 001B,Violence and sexual offences,90
Central Bedfordshire 031B,Violence and sexual offences,89
Bedford 004F,Violence and sexual offences,89
Central Bedfordshire 008D,Violence and sexual offences,88
Luton 006C,Violence and sexual offences,87
Central Bedfordshire 032C,Violence and sexual offences,87
Luton 007B,Violence and sexual offences,85
Central Bedfordshire 006G,Shoplifting,85
Luton 021E,Violence and sexual offences,84
Bedford 017D,Violence and sexual offences,84
Central Bedfordshire 028B,Violence and sexual offences,84
Central Bedfordshire 015B,Violence and sexual offences,84
Central Bedfordshire 025A,Violence and sexual offences,83
Bedford 008F,Violence and sexual offences,83
Luton 013E,Violence and sexual offences,82
Bedford 011D,Other theft,82
Bedford 018E,Shoplifting,82
Luton 011B,Violence and sexual offences,81
Bedford 007B,Violence and sexual offences,81
Luton 009C,Violence and sexual offences,81
Central Bedfordshire 011C,Violence and sexual offences,81
Bedford 020E,Violence and sexual offences,80
Bedford 004H,Violence and sexual offences,80
Bedford 002D,Violence and sexual offences,80
Luton 014B,Violence and sexual offences,80
Luton 013B,Violence and sexual offences,79
Central Bedfordshire 010F,Violence and sexual offences,79
Luton 015E,Violence and sexual offences,79
Luton 012A,Violence and sexual offences,79
Bedford 004D,Violence and sexual offences,79
Bedford 020F,Violence and sexual offences,78
Central Bedfordshire 024E,Violence and sexual offences,78
Bedford 008G,Violence and sexual offences,78
Luton 016D,Violence and sexual offences,78
Central Bedfordshire 022A,Violence and sexual offences,77
Luton 007A,Violence and sexual offences,77
Luton 009A,Violence and sexual offences,77
Bedford 008B,Violence and sexual offences,77
Luton 010D,Violence and sexual offences,77
Bedford 006C,Violence and sexual offences,77
Central Bedfordshire 031D,Shoplifting,76
Central Bedfordshire 013A,Violence and sexual offences,76
Central Bedfordshire 011E,Violence and sexual offences,76
Central Bedfordshire 013C,Violence and sexual offences,76
Central Bedfordshire 028D,Violence and sexual offences,76
Luton 016G,Violence and sexual offences,76
Bedford 005E,Violence and sexual offences,74
Luton 013D,Violence and sexual offences,74
Luton 002A,Violence and sexual offences,73
Central Bedfordshire 009G,Violence and sexual offences,73
Bedford 017C,Violence and sexual offences,72
Central Bedfordshire 003E,Violence and sexual offences,72
Bedford 006A,Violence and sexual offences,72
Luton 003E,Violence and sexual offences,72
Central Bedfordshire 006H,Violence and sexual offences,71
Bedford 011B,Violence and sexual offences,71
Luton 011E,Violence and sexual offences,71
Luton 016E,Violence and sexual offences,70
Bedford 018G,Shoplifting,70
Central Bedfordshire 008G,Violence and sexual offences,70
Luton 003A,Violence and sexual offences,70
Bedford 010B,Violence and sexual offences,70
Bedford 004B,Violence and sexual offences,70
Bedford 018H,Violence and sexual offences,69
Central Bedfordshire 011B,Violence and sexual offences,69
Bedford 011A,Violence and sexual offences,69
Central Bedfordshire 008F,Violence and sexual offences,68
Central Bedfordshire 031A,Other theft,68
Bedford 012G,Violence and sexual offences,68
Bedford 001D,Violence and sexual offences,68
Luton 004B,Violence and sexual offences,67
Central Bedfordshire 007F,Violence and sexual offences,67
Luton 006A,Violence and sexual offences,67
Bedford 004E,Violence and sexual offences,66
Central Bedfordshire 010D,Violence and sexual offences,65
Luton 003D,Violence and sexual offences,65
Bedford 012C,Violence and sexual offences,65
Bedford 007D,Violence and sexual offences,65
Central Bedfordshire 030A,Violence and sexual offences,64
Luton 016F,Violence and sexual offences,64
Central Bedfordshire 006J,Violence and sexual offences,64
Bedford 016B,Violence and sexual offences,64
Central Bedfordshire 004A,Violence and sexual offences,64
Luton 006E,Violence and sexual offences,64
Bedford 020D,Violence and sexual offences,64
Central Bedfordshire 003B,Violence and sexual offences,64
Central Bedfordshire 024L,Violence and sexual offences,63
Central Bedfordshire 009F,Violence and sexual offences,63
Luton 012E,Violence and sexual offences,63
Central Bedfordshire 012E,Violence and sexual offences,63
Central Bedfordshire 010B,Violence and sexual offences,63
Central Bedfordshire 016D,Violence and sexual offences,62
Bedford 001B,Violence and sexual offences,62
Central Bedfordshire 014F,Violence and sexual offences,62
Central Bedfordshire 002A,Violence and sexual offences,62
Central Bedfordshire 024H,Shoplifting,62
Bedford 003E,Violence and sexual offences,62
Central Bedfordshire 030B,Violence and sexual offences,61
Luton 020F,Violence and sexual offences,60
Luton 005D,Violence and sexual offences,60
Central Bedfordshire 013B,Violence and sexual offences,59
Central Bedfordshire 001C,Violence and sexual offences,59
Bedford 006F,Violence and sexual offences,59
Luton 014F,Violence and sexual offences,59
Central Bedfordshire 011F,Violence and sexual offences,58
Central Bedfordshire 008E,Violence and sexual offences,58
Central Bedfordshire 005E,Violence and sexual offences,58
Bedford 003C,Violence and sexual offences,57
Central Bedfordshire 009H,Violence and sexual offences,57
Central Bedfordshire 022B,Violence and sexual offences,56
Luton 005C,Violence and sexual offences,56
Luton 001E,Violence and sexual offences,56
Central Bedfordshire 006E,Violence and sexual offences,56
Central Bedfordshire 017A,Violence and sexual offences,56
Central Bedfordshire 027A,Shoplifting,55
Central Bedfordshire 017E,Violence and sexual offences,55
Central Bedfordshire 020D,Violence and sexual offences,54
Luton 012B,Violence and sexual offences,54
Central Bedfordshire 017F,Violence and sexual offences,54
Central Bedfordshire 032E,Violence and sexual offences,54
Luton 007E,Violence and sexual offences,54
Central Bedfordshire 024K,Violence and sexual offences,53
Central Bedfordshire 012D,Violence and sexual offences,53
Central Bedfordshire 028H,Violence and sexual offences,53
Luton 002B,Violence and sexual offences,53
Central Bedfordshire 018A,Anti-social behaviour,52
Central Bedfordshire 014A,Violence and sexual offences,52
Bedford 008I,Violence and sexual offences,51
Central Bedfordshire 024M,Anti-social behaviour,51
Luton 007F,Violence and sexual offences,51
Luton 001A,Violence and sexual offences,51
Bedford 016C,Violence and sexual offences,50
Luton 008D,Violence and sexual offences,50
Bedford 009B,Violence and sexual offences,49
Central Bedfordshire 006F,Violence and sexual offences,49
Central Bedfordshire 004B,Violence and sexual offences,49
Central Bedfordshire 003D,Anti-social behaviour,49
Bedford 003B,Violence and sexual offences,49
Bedford 006E,Violence and sexual offences,49
Central Bedfordshire 016A,Violence and sexual offences,48
Central Bedfordshire 021D,Violence and sexual offences,48
Luton 001F,Violence and sexual offences,47
Central Bedfordshire 013E,Violence and sexual offences,47
Central Bedfordshire 007I,Violence and sexual offences,47
Central Bedfordshire 007H,Violence and sexual offences,47
Central Bedfordshire 028E,Violence and sexual offences,46
Luton 008B,Violence and sexual offences,46
Bedford 008H,Violence and sexual offences,46
Central Bedfordshire 033A,Vehicle crime,45
Central Bedfordshire 019F,Violence and sexual offences,45
Bedford 005B,Violence and sexual offences,45
Central Bedfordshire 008C,Violence and sexual offences,44
Central Bedfordshire 028A,Violence and sexual offences,44
Central Bedfordshire 006I,Violence and sexual offences,44
Bedford 008D,Violence and sexual offences,44
Central Bedfordshire 033C,Violence and sexual offences,43
Central Bedfordshire 012B,Violence and sexual offences,43
Bedford 015E,Violence and sexual offences,43
Central Bedfordshire 024I,Anti-social behaviour,43
Central Bedfordshire 017C,Violence and sexual offences,42
Bedford 012E,Violence and sexual offences,42
Central Bedfordshire 007C,Violence and sexual offences,42
Central Bedfordshire 024D,Violence and sexual offences,42
Central Bedfordshire 005A,Violence and sexual offences,42
Luton 001B,Violence and sexual offences,42
Central Bedfordshire 018B,Anti-social behaviour,41
Central Bedfordshire 032D,Anti-social behaviour,41
Central Bedfordshire 017B,Violence and sexual offences,41
Bedford 021E,Violence and sexual offences,41
Bedford 010D,Violence and sexual offences,40
Bedford 004C,Anti-social behaviour,40
Central Bedfordshire 015C,Violence and sexual offences,40
Central Bedfordshire 021B,Violence and sexual offences,40
Luton 008A,Violence and sexual offences,39
Central Bedfordshire 002C,Violence and sexual offences,39
Central Bedfordshire 014G,Violence and sexual offences,39
Central Bedfordshire 012A,Violence and sexual offences,38
Bedford 021F,Violence and sexual offences,38
Luton 016C,Violence and sexual offences,38
Central Bedfordshire 006B,Violence and sexual offences,38
Bedford 004I,Violence and sexual offences,38
Central Bedfordshire 020B,Violence and sexual offences,37
Bedford 002F,Violence and sexual offences,37
Central Bedfordshire 005D,Violence and sexual offences,37
Central Bedfordshire 024J,Violence and sexual offences,37
Central Bedfordshire 032A,Anti-social behaviour,36
Central Bedfordshire 032B,Violence and sexual offences,36
Central Bedfordshire 009D,Anti-social behaviour,36
Luton 008E,Violence and sexual offences,35
Bedford 012B,Violence and sexual offences,35
Luton 007C,Violence and sexual offences,35
Central Bedfordshire 017G,Violence and sexual offences,34
Central Bedfordshire 016E,Violence and sexual offences,34
Central Bedfordshire 033D,Violence and sexual offences,33
Central Bedfordshire 031C,Violence and sexual offences,33
Central Bedfordshire 009E,Violence and sexual offences,33
Central Bedfordshire 007A,Violence and sexual offences,33
Central Bedfordshire 007J,Violence and sexual offences,33
Luton 001D,Violence and sexual offences,32
Bedford 006B,Violence and sexual offences,32
Bedford 006D,Violence and sexual offences,32
Luton 004C,Violence and sexual offences,31
Central Bedfordshire 019D,Violence and sexual offences,31
Central Bedfordshire 018C,Violence and sexual offences,31
Central Bedfordshire 015D,Violence and sexual offences,31
Central Bedfordshire 009I,Violence and sexual offences,31
Luton 001C,Violence and sexual offences,31
Central Bedfordshire 023D,Violence and sexual offences,30
Central Bedfordshire 008A,Violence and sexual offences,29
Bedford 002B,Violence and sexual offences,29
Bedford 009D,Violence and sexual offences,29
Luton 007D,Violence and sexual offences,28
Bedford 003D,Violence and sexual offences,28
Luton 008C,Violence and sexual offences,27
Bedford 001C,Violence and sexual offences,27
Central Bedfordshire 003A,Violence and sexual offences,26
Luton 014E,Violence and sexual offences,26
Central Bedfordshire 024A,Violence and sexual offences,26
Central Bedfordshire 007B,Vehicle crime,25
Bedford 005D,Violence and sexual offences,25
Central Bedfordshire 020E,Violence and sexual offences,25
Central Bedfordshire 009J,Violence and sexual offences,24
Luton 014C,Violence and sexual offences,24
Bedford 002A,Violence and sexual offences,24
Bedford 011C,Violence and sexual offences,24
Luton 002D,Violence and sexual offences,23
Bedford 008A,Violence and sexual offences,21
Bedford 020C,Violence and sexual offences,20
Central Bedfordshire 020A,Vehicle crime,20
Central Bedfordshire 016B,Violence and sexual offences,19
Bedford 008E,Violence and sexual offences,19
Bedford 005F,Violence and sexual offences,18
Central Bedfordshire 023C,Violence and sexual offences,17
Central Bedfordshire 023A,Violence and sexual offences,17
Central Bedfordshire 027D,Anti-social behaviour,17
Bedford 002E,Violence and sexual offences,16
Bedford 001A,Violence and sexual offences,16
Central Bedfordshire 022D,Anti-social behaviour,15
North Hertfordshire 014D,Anti-social behaviour,14
Huntingdonshire 022A,Violence and sexual offences,11
Central Bedfordshire 023B,Violence and sexual offences,10
Peterborough 010D,Other crime,8
North Hertfordshire 014A,Anti-social behaviour,6
North Hertfordshire 016A,Anti-social behaviour,6
Huntingdonshire 022B,Anti-social behaviour,6
Haringey 037A,Violence and sexual offences,6
Milton Keynes 014E,Violence and sexual offences,5
Buckinghamshire 008C,Other crime,5
Milton Keynes 023E,Violence and sexual offences,4
Huntingdonshire 021F,Anti-social behaviour,4
North Northamptonshire 028E,Violence and sexual offences,4
North Northamptonshire 036D,Violence and sexual offences,4
North Northamptonshire 039B,Violence and sexual offences,4
Huntingdonshire 012D,Anti-social behaviour,4
Buckinghamshire 007B,Violence and sexual offences,4
Welwyn Hatfield 010E,Drugs,4
North Hertfordshire 008C,Violence and sexual offences,3
Huntingdonshire 018F,Violence and sexual offences,3
North Hertfordshire 015C,Violence and sexual offences,3
South Cambridgeshire 013C,Violence and sexual offences,3
Milton Keynes 014D,Violence and sexual offences,3
St Albans 006D,Anti-social behaviour,3
North Northamptonshire 008E,Shoplifting,3
St Albans 016C,Violence and sexual offences,3
North Hertfordshire 007D,Violence and sexual offences,3
Stevenage 002F,Violence and sexual offences,3
Dacorum 001C,Anti-social behaviour,3
Westminster 013B,Theft from the person,3
Dacorum 001A,Violence and sexual offences,3
North Hertfordshire 006B,Violence and sexual offences,3
North Hertfordshire 007C,Anti-social behaviour,2
North Northamptonshire 031A,Violence and sexual offences,2
North Northamptonshire 037C,Violence and sexual offences,2
Buckinghamshire 006D,Violence and sexual offences,2
Welwyn Hatfield 010B,Violence and sexual offences,2
Broxbourne 006B,Violence and sexual offences,2
Peterborough 022A,Violence and sexual offences,2
Brent 035D,Violence and sexual offences,2
St Albans 007D,Violence and sexual offences,2
Harrow 010C,Violence and sexual offences,2
Portsmouth 028A,Violence and sexual offences,2
Harlow 004E,Violence and sexual offences,2
Birmingham 056A,Violence and sexual offences,2
Huntingdonshire 015D,Violence and sexual offences,2
Huntingdonshire 021C,Violence and sexual offences,2
Huntingdonshire 017C,Violence and sexual offences,2
Watford 010B,Violence and sexual offences,2
Tandridge 006C,Shoplifting,2
Stevenage 006A,Violence and sexual offences,2
North Hertfordshire 010A,Violence and sexual offences,2
Cambridge 013D,Violence and sexual offences,2
North Hertfordshire 012C,Drugs,2
Uttlesford 004B,Violence and sexual offences,2
Buckinghamshire 019D,Violence and sexual offences,2
North Hertfordshire 016D,Other crime,2
Buckinghamshire 009E,Violence and sexual offences,2
Huntingdonshire 021H,Anti-social behaviour,2
Huntingdonshire 021G,Other theft,2
Buckinghamshire 008D,Violence and sexual offences,2
Huntingdonshire 021E,Anti-social behaviour,2
Buckinghamshire 008B,Violence and sexual offences,2
Great Yarmouth 006E,Violence and sexual offences,2
North Northamptonshire 024B,Anti-social behaviour,2
Huntingdonshire 018G,Anti-social behaviour,2
Barnsley 024C,Violence and sexual offences,2
Stratford-on-Avon 003D,Violence and sexual offences,2
South Cambridgeshire 019D,Anti-social behaviour,2
North Hertfordshire 003C,Anti-social behaviour,2
South Cambridgeshire 013B,Violence and sexual offences,2
North Hertfordshire 006A,Violence and sexual offences,2
Barking and Dagenham 016D,Violence and sexual offences,2
St Albans 001D,Anti-social behaviour,2
Manchester 007B,Other crime,2
Milton Keynes 028E,Violence and sexual offences,2
Milton Keynes 024E,Violence and sexual offences,2
St Albans 003D,Violence and sexual offences,2
Milton Keynes 024F,Public order,2
Milton Keynes 024C,Violence and sexual offences,2
Milton Keynes 030B,Violence and sexual offences,2
South Cambridgeshire 013A,Drugs,2
Newark and Sherwood 011G,Drugs,2
North Hertfordshire 003A,Anti-social behaviour,2
Waltham Forest 010D,Violence and sexual offences,1
Waltham Forest 028F,Violence and sexual offences,1
Waltham Forest 003C,Vehicle crime,1
Milton Keynes 032A,Violence and sexual offences,1
Wandsworth 011A,Violence and sexual offences,1
Milton Keynes 031A,Violence and sexual offences,1
Walsall 031D,Violence and sexual offences,1
Milton Keynes 030C,Violence and sexual offences,1
Walsall 030D,Violence and sexual offences,1
Wandsworth 010C,Violence and sexual offences,1
Milton Keynes 032E,Violence and sexual offences,1
Wandsworth 019E,Violence and sexual offences,1
Milton Keynes 032C,Violence and sexual offences,1
Wandsworth 038D,Violence and sexual offences,1
Wakefield 028D,Violence and sexual offences,1
Warwick 003C,Violence and sexual offences,1
Watford 001D,Violence and sexual offences,1
Milton Keynes 033A,Other theft,1
Milton Keynes 033B,Other theft,1
Milton Keynes 033D,Violence and sexual offences,1
Milton Keynes 034B,Violence and sexual offences,1
Milton Keynes 034E,Violence and sexual offences,1
Milton Keynes 035A,Public order,1
Watford 008C,Violence and sexual offences,1
Wakefield 030C,Violence and sexual offences,1
Tower Hamlets 034C,Violence and sexual offences,1
Vale of White Horse 002E,Violence and sexual offences,1
Vale of Glamorgan 001B,Vehicle crime,1
Sunderland 016F,Violence and sexual offences,1
Surrey Heath 007B,Violence and sexual offences,1
Sutton 001D,Violence and sexual offences,1
Sutton 019C,Vehicle crime,1
Milton Keynes 028A,Violence and sexual offences,1
Telford and Wrekin 011A,Vehicle crime,1
Test Valley 009B,Robbery,1
Tewkesbury 002F,Violence and sexual offences,1
Thanet 013B,Public order,1
Thanet 014C,Drugs,1
Three Rivers 008A,Violence and sexual offences,1
Three Rivers 012A,Violence and sexual offences,1
Thurrock 004C,Violence and sexual offences,1
Thurrock 012D,Violence and sexual offences,1
Milton Keynes 026B,Other theft,1
Thurrock 021A,Violence and sexual offences,1
Milton Keynes 029B,Violence and sexual offences,1
Thurrock 022C,Violence and sexual offences,1
Tonbridge and Malling 014A,Violence and sexual offences,1
Milton Keynes 029E,Violence and sexual offences,1
Torridge 008B,Violence and sexual offences,1
Tower Hamlets 014F,Violence and sexual offences,1
Tower Hamlets 015D,Violence and sexual offences,1
Wolverhampton 020D,Violence and sexual offences,1
Tower Hamlets 018D,Violence and sexual offences,1
Milton Keynes 035B,Violence and sexual offences,1
Uttlesford 001D,Anti-social behaviour,1
Watford 009B,Anti-social behaviour,1
Wolverhampton 006C,Violence and sexual offences,1
Milton Keynes 036E,Violence and sexual offences,1
Watford 009I,Drugs,1
West Northamptonshire 021A,Other crime,1
West Northamptonshire 021B,Violence and sexual offences,1
West Northamptonshire 024C,Public order,1
West Northamptonshire 031C,Other crime,1
West Northamptonshire 031D,Violence and sexual offences,1
West Northamptonshire 032E,Violence and sexual offences,1
North Hertfordshire 003D,Anti-social behaviour,1
West Northamptonshire 033C,Violence and sexual offences,1
North Hertfordshire 004B,Vehicle crime,1
West Northamptonshire 046B,Other theft,1
North Hertfordshire 004D,Anti-social behaviour,1
West Northamptonshire 046D,Violence and sexual offences,1
West Northamptonshire 047A,Violence and sexual offences,1
North Hertfordshire 004F,Anti-social behaviour,1
North Hertfordshire 004G,Drugs,1
West Northamptonshire 049B,Violence and sexual offences,1
West Northamptonshire 052B,Violence and sexual offences,1
West Suffolk 018C,Violence and sexual offences,1
West Suffolk 021C,Violence and sexual offences,1
Westminster 018A,Violence and sexual offences,1
Westminster 018C,Theft from the person,1
Westminster 019E,Theft from the person,1
Westminster 019G,Violence and sexual offences,1
Wiltshire 012D,Other theft,1
Wiltshire 032F,Violence and sexual offences,1
Wolverhampton 020A,Violence and sexual offences,1
Windsor and Maidenhead 014C,Violence and sexual offences,1
Wirral 021A,Violence and sexual offences,1
Wirral 023C,Other theft,1
West Northamptonshire 018B,Violence and sexual offences,1
West Northamptonshire 013B,Violence and sexual offences,1
West Northamptonshire 012C,Violence and sexual offences,1
Welwyn Hatfield 009D,Violence and sexual offences,1
Wirral 038D,Violence and sexual offences,1
Newcastle-under-Lyme 012A,Violence and sexual offences,1
Newham 003C,Violence and sexual offences,1
Newham 004A,Violence and sexual offences,1
Newham 009C,Violence and sexual offences,1
Watford 010C,Violence and sexual offences,1
Watford 011G,Violence and sexual offences,1
Watford 012C,Other crime,1
Wealden 001A,Violence and sexual offences,1
Welwyn Hatfield 006A,Violence and sexual offences,1
Welwyn Hatfield 007D,Violence and sexual offences,1
Welwyn Hatfield 007G,Violence and sexual offences,1
Newham 012C,Violence and sexual offences,1
Newham 030C,Violence and sexual offences,1
West Northamptonshire 009C,Violence and sexual offences,1
Welwyn Hatfield 010D,Violence and sexual offences,1
North Hertfordshire 002B,Violence and sexual offences,1
Welwyn Hatfield 010F,Violence and sexual offences,1
Welwyn Hatfield 011A,Violence and sexual offences,1
Welwyn Hatfield 012B,Violence and sexual offences,1
Welwyn Hatfield 012D,Violence and sexual offences,1
Welwyn Hatfield 013A,Violence and sexual offences,1
Welwyn Hatfield 013B,Violence and sexual offences,1
Stroud 004E,Violence and sexual offences,1
West Northamptonshire 001A,Possession of weapons,1
West Northamptonshire 003A,Violence and sexual offences,1
West Northamptonshire 003F,Drugs,1
West Northamptonshire 008D,Violence and sexual offences,1
Welwyn Hatfield 013D,Violence and sexual offences,1
St Albans 006B,Violence and sexual offences,1
Stoke-on-Trent 035A,Other theft,1
Rochford 008A,Violence and sexual offences,1
Rugby 005D,Violence and sexual offences,1
Rushmoor 009A,Violence and sexual offences,1
Rutland 001B,Violence and sexual offences,1
Rutland 003D,Violence and sexual offences,1
Salford 013E,Violence and sexual offences,1
Salford 021H,Other theft,1
Sandwell 031C,Violence and sexual offences,1
Sandwell 032A,Violence and sexual offences,1
Sandwell 033E,Violence and sexual offences,1
Sandwell 041B,Violence and sexual offences,1
Sefton 031C,Violence and sexual offences,1
Sheffield 016B,Public order,1
Sheffield 021C,Violence and sexual offences,1
Sheffield 042D,Violence and sexual offences,1
Sheffield 050A,Violence and sexual offences,1
Rotherham 009B,Violence and sexual offences,1
Rochdale 010D,Violence and sexual offences,1
Sheffield 074C,Robbery,1
Rochdale 007E,Violence and sexual offences,1
Oxford 006A,Violence and sexual offences,1
Oxford 009D,Public order,1
Peterborough 013A,Anti-social behaviour,1
Peterborough 014A,Violence and sexual offences,1
Peterborough 018B,Anti-social behaviour,1
Peterborough 019A,Violence and sexual offences,1
Peterborough 021F,Violence and sexual offences,1
Peterborough 023G,Violence and sexual offences,1
Plymouth 034E,Violence and sexual offences,1
Reading 019B,Public order,1
Redbridge 001C,Vehicle crime,1
Redbridge 007B,Drugs,1
Redbridge 026C,Vehicle crime,1
Reigate and Banstead 003B,Violence and sexual offences,1
Richmond upon Thames 004H,Violence and sexual offences,1
Sheffield 073D,Public order,1
Shropshire 036F,Violence and sexual offences,1
Oldham 022A,Violence and sexual offences,1
Southwark 004D,Other crime,1
Southwark 009H,Other theft,1
Southwark 012B,Violence and sexual offences,1
Southwark 014D,Possession of weapons,1
Southwark 015B,Violence and sexual offences,1
Southwark 034E,Theft from the person,1
Spelthorne 008C,Drugs,1
St Albans 001A,Other theft,1
St Albans 001C,Violence and sexual offences,1
St Albans 002A,Anti-social behaviour,1
St Albans 002C,Other theft,1
St Albans 002D,Anti-social behaviour,1
St Albans 002E,Violence and sexual offences,1
St Albans 003C,Violence and sexual offences,1
St Albans 003E,Other crime,1
St Albans 004D,Violence and sexual offences,1
Southwark 006D,Violence and sexual offences,1
Southend-on-Sea 005B,Violence and sexual offences,1
Shropshire 037C,Violence and sexual offences,1
Southampton 016E,Violence and sexual offences,1
Slough 010C,Other theft,1
Slough 011A,Violence and sexual offences,1
Slough 014D,Public order,1
Solihull 019D,Violence and sexual offences,1
South Cambridgeshire 010E,Violence and sexual offences,1
South Cambridgeshire 017E,Violence and sexual offences,1
South Cambridgeshire 018C,Other crime,1
South Cambridgeshire 018F,Other crime,1
South Cambridgeshire 019A,Violence and sexual offences,1
South Cambridgeshire 021E,Other crime,1
South Derbyshire 011A,Violence and sexual offences,1
South Hams 005C,Violence and sexual offences,1
South Oxfordshire 015E,Public order,1
South Somerset 014B,Other crime,1
South Staffordshire 006D,Violence and sexual offences,1
Oxford 004A,Vehicle crime,1
Nottingham 039B,Violence and sexual offences,1
Stevenage 012C,Other crime,1
North Hertfordshire 011B,Violence and sexual offences,1
North Hertfordshire 012A,Other crime,1
North Hertfordshire 012D,Violence and sexual offences,1
North Hertfordshire 012F,Violence and sexual offences,1
North Hertfordshire 013A,Other crime,1
North Hertfordshire 013E,Violence and sexual offences,1
St Albans 018B,Violence and sexual offences,1
North Hertfordshire 014C,Violence and sexual offences,1
St Albans 018A,Other theft,1
North Hertfordshire 014E,Anti-social behaviour,1
North Hertfordshire 014F,Anti-social behaviour,1
North Hertfordshire 015F,Violence and sexual offences,1
St Albans 017E,Criminal damage and arson,1
North Hertfordshire 016B,Public order,1
North Hertfordshire 016E,Criminal damage and arson,1
North Hertfordshire 017D,Violence and sexual offences,1
North Hertfordshire 011D,Anti-social behaviour,1
North Hertfordshire 010C,Drugs,1
North Northamptonshire 003C,Violence and sexual offences,1
North Hertfordshire 009C,Violence and sexual offences,1
Stevenage 010D,Anti-social behaviour,1
Stevenage 010B,Violence and sexual offences,1
Stevenage 008F,Theft from the person,1
Stevenage 005D,Violence and sexual offences,1
Stevenage 002E,Violence and sexual offences,1
Stevenage 001F,Violence and sexual offences,1
St Albans 019D,Violence and sexual offences,1
St Albans 019C,Violence and sexual offences,1
St Albans 018C,Violence and sexual offences,1
North Hertfordshire 007A,Violence and sexual offences,1
North Hertfordshire 007B,Anti-social behaviour,1
St Albans 006A,Violence and sexual offences,1
North Hertfordshire 008A,Other theft,1
North Hertfordshire 008B,Vehicle crime,1
North Hertfordshire 009A,Drugs,1
North Lincolnshire 009C,Public order,1
North Northamptonshire 007G,Violence and sexual offences,1
Nottingham 035B,Violence and sexual offences,1
North Northamptonshire 037B,Violence and sexual offences,1
North Northamptonshire 037E,Public order,1
North Northamptonshire 039A,Anti-social behaviour,1
St Albans 010A,Anti-social behaviour,1
North Northamptonshire 039C,Public order,1
North Northamptonshire 039D,Anti-social behaviour,1
North Northamptonshire 039E,Violence and sexual offences,1
North Northamptonshire 040F,Violence and sexual offences,1
Northumberland 005D,Violence and sexual offences,1
Norwich 004C,Violence and sexual offences,1
Norwich 006C,Drugs,1
Nottingham 004D,Other crime,1
Nottingham 015E,Violence and sexual offences,1
Nottingham 016C,Violence and sexual offences,1
Nottingham 022D,Violence and sexual offences,1
Nottingham 024E,Violence and sexual offences,1
North Northamptonshire 037D,Drugs,1
St Albans 012C,Vehicle crime,1
North Northamptonshire 008F,Other crime,1
North Northamptonshire 035D,Violence and sexual offences,1
North Northamptonshire 010A,Violence and sexual offences,1
North Northamptonshire 014A,Vehicle crime,1
St Albans 017D,Violence and sexual offences,1
St Albans 016A,Violence and sexual offences,1
North Northamptonshire 014D,Violence and sexual offences,1
North Northamptonshire 018A,Violence and sexual offences,1
North Northamptonshire 023E,Possession of weapons,1
North Northamptonshire 025C,Violence and sexual offences,1
North Northamptonshire 028A,Other crime,1
St Albans 014B,Violence and sexual offences,1
North Northamptonshire 031D,Violence and sexual offences,1
North Northamptonshire 032B,Violence and sexual offences,1
North Northamptonshire 034A,Other theft,1
North Northamptonshire 034C,Other crime,1
North Northamptonshire 035A,Violence and sexual offences,1
Milton Keynes 027C,Public order,1
Ashfield 006C,Public order,1
Milton Keynes 026A,Other crime,1
Dacorum 003A,Violence and sexual offences,1
Crawley 001C,Other crime,1
Croydon 004E,Burglary,1
Croydon 009C,Vehicle crime,1
Croydon 019E,Other theft,1
Croydon 032A,Violence and sexual offences,1
Dacorum 001B,Other theft,1
Dacorum 001D,Violence and sexual offences,1
Dacorum 004A,Violence and sexual offences,1
County Durham 009B,Other crime,1
Dacorum 004C,Violence and sexual offences,1
Dacorum 005C,Violence and sexual offences,1
Dacorum 007C,Anti-social behaviour,1
Dacorum 010A,Violence and sexual offences,1
Dacorum 010C,Anti-social behaviour,1
Dacorum 015C,Anti-social behaviour,1
Dacorum 015E,Violence and sexual offences,1
Craven 006A,Violence and sexual offences,1
Cornwall 059C,Violence and sexual offences,1
Dacorum 017A,Anti-social behaviour,1
Cheltenham 008D,Violence and sexual offences,1
Cambridge 015D,Other crime,1
Camden 013C,Violence and sexual offences,1
Cardiff 043B,Violence and sexual offences,1
Carmarthenshire 027B,Violence and sexual offences,1
Chelmsford 005A,Violence and sexual offences,1
Chelmsford 008A,Other crime,1
Cheltenham 008B,Violence and sexual offences,1
Cherwell 010A,Violence and sexual offences,1
Colchester 016D,Violence and sexual offences,1
Cherwell 013B,Violence and sexual offences,1
Cheshire East 005A,Violence and sexual offences,1
Cheshire West and Chester 032B,Violence and sexual offences,1
Chichester 006B,Violence and sexual offences,1
Chichester 008A,Violence and sexual offences,1
Chichester 011C,Drugs,1
City of London 001G,Other theft,1
Dacorum 016B,Violence and sexual offences,1
Dacorum 017C,Anti-social behaviour,1
Cambridge 001F,Public order,1
East Cambridgeshire 001C,Violence and sexual offences,1
Ealing 023E,Public order,1
Ealing 025E,Violence and sexual offences,1
Ealing 030B,Violence and sexual offences,1
Ealing 030D,Violence and sexual offences,1
Ealing 038A,Violence and sexual offences,1
Ealing 038C,Vehicle crime,1
Ealing 041C,Violence and sexual offences,1
East Cambridgeshire 006E,Violence and sexual offences,1
Ealing 010F,Violence and sexual offences,1
East Cambridgeshire 009C,Violence and sexual offences,1
East Devon 020C,Violence and sexual offences,1
East Hertfordshire 003A,Violence and sexual offences,1
East Hertfordshire 010E,Anti-social behaviour,1
East Hertfordshire 011A,Violence and sexual offences,1
East Hertfordshire 013B,Other theft,1
East Hertfordshire 015B,Violence and sexual offences,1
Ealing 021C,Other crime,1
Dover 012C,Other theft,1
Dacorum 018F,Violence and sexual offences,1
Derby 006A,Violence and sexual offences,1
Dacorum 018H,Anti-social behaviour,1
Dacorum 019C,Other crime,1
Dacorum 020B,Public order,1
Dacorum 020C,Violence and sexual offences,1
Dacorum 020E,Anti-social behaviour,1
Dacorum 021A,Public order,1
Dacorum 021D,Anti-social behaviour,1
Derby 013C,Other theft,1
Dorset 047A,Other crime,1
Derby 016E,Violence and sexual offences,1
Derby 021A,Public order,1
Derby 028C,Violence and sexual offences,1
Doncaster 003D,Violence and sexual offences,1
Doncaster 031F,Violence and sexual offences,1
Dorset 009D,Violence and sexual offences,1
Dorset 034A,Violence and sexual offences,1
Cambridge 010A,Other crime,1
Buckinghamshire 061D,Violence and sexual offences,1
East Lindsey 012D,Other theft,1
Bradford 048B,Violence and sexual offences,1
Birmingham 127E,Violence and sexual offences,1
Birmingham 135D,Violence and sexual offences,1
Blackburn with Darwen 004A,Violence and sexual offences,1
Bolsover 007E,Violence and sexual offences,1
"Bournemouth, Christchurch and Poole 042C",Violence and sexual offences,1
"Bournemouth, Christchurch and Poole 044E",Violence and sexual offences,1
Bradford 029A,Violence and sexual offences,1
Braintree 001C,Violence and sexual offences,1
Birmingham 092B,Violence and sexual offences,1
Braintree 006C,Violence and sexual offences,1
Braintree 014B,Other crime,1
Braintree 017E,Public order,1
Breckland 003A,Violence and sexual offences,1
Breckland 014C,Violence and sexual offences,1
Brent 007D,Violence and sexual offences,1
Brent 011D,Violence and sexual offences,1
Birmingham 104A,Violence and sexual offences,1
Birmingham 057E,Violence and sexual offences,1
Brent 021A,Violence and sexual offences,1
Basildon 015E,Violence and sexual offences,1
Barking and Dagenham 013F,Violence and sexual offences,1
Barking and Dagenham 022B,Violence and sexual offences,1
Barnet 013A,Public order,1
Barnet 038D,Other theft,1
Barnet 039C,Violence and sexual offences,1
Barnet 042D,Drugs,1
Barnsley 007F,Violence and sexual offences,1
Basildon 019C,Violence and sexual offences,1
Birmingham 057B,Violence and sexual offences,1
Bexley 014D,Drugs,1
Birmingham 033A,Other theft,1
Birmingham 033D,Violence and sexual offences,1
Birmingham 033F,Public order,1
Birmingham 036A,Violence and sexual offences,1
Birmingham 050F,Violence and sexual offences,1
Birmingham 051D,Other theft,1
Brent 014A,Vehicle crime,1
Brent 024A,Violence and sexual offences,1
Buckinghamshire 056A,Violence and sexual offences,1
Buckinghamshire 021F,Violence and sexual offences,1
Buckinghamshire 010D,Violence and sexual offences,1
Buckinghamshire 011A,Violence and sexual offences,1
Buckinghamshire 011E,Other crime,1
Buckinghamshire 013C,Violence and sexual offences,1
Buckinghamshire 016B,Violence and sexual offences,1
Buckinghamshire 018D,Violence and sexual offences,1
Buckinghamshire 018E,Violence and sexual offences,1
Buckinghamshire 027E,Drugs,1
Buckinghamshire 008E,Violence and sexual offences,1
Buckinghamshire 043C,Other crime,1
Buckinghamshire 046B,Violence and sexual offences,1
Buckinghamshire 047C,Violence and sexual offences,1
Buckinghamshire 048D,Violence and sexual offences,1
Buckinghamshire 050D,Violence and sexual offences,1
Buckinghamshire 052D,Other theft,1
Buckinghamshire 054C,Criminal damage and arson,1
Buckinghamshire 008F,Violence and sexual offences,1
Buckinghamshire 008A,Violence and sexual offences,1
Brent 024B,Violence and sexual offences,1
Broxbourne 010E,Anti-social behaviour,1
Brent 025D,Public order,1
Brent 026D,Violence and sexual offences,1
Brent 034D,Drugs,1
Brent 035B,Theft from the person,1
Brighton and Hove 002D,Violence and sexual offences,1
Bromley 008B,Violence and sexual offences,1
Bromsgrove 005A,Vehicle crime,1
Broxbourne 013F,Violence and sexual offences,1
Buckinghamshire 007E,Violence and sexual offences,1
Buckinghamshire 003B,Drugs,1
Buckinghamshire 005D,Violence and sexual offences,1
Buckinghamshire 006A,Vehicle crime,1
Buckinghamshire 006B,Violence and sexual offences,1
Buckinghamshire 007A,Violence and sexual offences,1
Buckinghamshire 007C,Other theft,1
Buckinghamshire 007D,Violence and sexual offences,1
East Lindsey 010D,Violence and sexual offences,1
East Suffolk 001B,Violence and sexual offences,1
Milton Keynes 025D,Violence and sexual offences,1
Lewisham 003B,Drugs,1
Kirklees 023D,Violence and sexual offences,1
Lambeth 020D,Bicycle theft,1
Lambeth 023B,Violence and sexual offences,1
Leeds 107D,Violence and sexual offences,1
Leicester 010F,Violence and sexual offences,1
Leicester 017F,Violence and sexual offences,1
Leicester 018E,Violence and sexual offences,1
Lewisham 020E,Violence and sexual offences,1
Kingston upon Thames 006E,Vehicle crime,1
Lewisham 020F,Violence and sexual offences,1
Lewisham 020G,Violence and sexual offences,1
Lewisham 022E,Violence and sexual offences,1
Lewisham 023A,Violence and sexual offences,1
Lewisham 029A,Violence and sexual offences,1
Lewisham 030D,Other theft,1
Lincoln 002C,Violence and sexual offences,1
Kirklees 005B,Violence and sexual offences,1
King's Lynn and West Norfolk 016E,Violence and sexual offences,1
Lincoln 005D,Violence and sexual offences,1
Ipswich 003C,Public order,1
Huntingdonshire 019A,Violence and sexual offences,1
Huntingdonshire 019D,Violence and sexual offences,1
Huntingdonshire 020D,Anti-social behaviour,1
Huntingdonshire 021D,Anti-social behaviour,1
Huntingdonshire 022C,Public order,1
Hyndburn 005A,Violence and sexual offences,1
Hyndburn 006E,Violence and sexual offences,1
Ipswich 009A,Violence and sexual offences,1
Kensington and Chelsea 020E,Public order,1
Isle of Wight 005C,Violence and sexual offences,1
Islington 006B,Other theft,1
Islington 014E,Violence and sexual offences,1
Islington 023D,Other theft,1
Kensington and Chelsea 001D,Violence and sexual offences,1
Kensington and Chelsea 003C,Possession of weapons,1
Kensington and Chelsea 005D,Violence and sexual offences,1
Lincoln 005A,Violence and sexual offences,1
Lincoln 006B,Violence and sexual offences,1
Huntingdonshire 018B,Violence and sexual offences,1
Milton Keynes 016D,Violence and sexual offences,1
Milton Keynes 010F,Violence and sexual offences,1
Milton Keynes 012A,Violence and sexual offences,1
Milton Keynes 012C,Violence and sexual offences,1
Milton Keynes 013B,Violence and sexual offences,1
Milton Keynes 013D,Violence and sexual offences,1
Milton Keynes 014B,Violence and sexual offences,1
Milton Keynes 014F,Violence and sexual offences,1
Milton Keynes 018E,Violence and sexual offences,1
Milton Keynes 010B,Violence and sexual offences,1
Milton Keynes 020D,Violence and sexual offences,1
Milton Keynes 021C,Violence and sexual offences,1
Milton Keynes 022A,Possession of weapons,1
Milton Keynes 023D,Violence and sexual offences,1
Milton Keynes 023F,Other theft,1
Milton Keynes 024A,Public order,1
Milton Keynes 024D,Other crime,1
Milton Keynes 010C,Other crime,1
Milton Keynes 009A,Violence and sexual offences,1
Liverpool 021B,Violence and sexual offences,1
Medway 018C,Other crime,1
Liverpool 035G,Violence and sexual offences,1
Liverpool 054A,Violence and sexual offences,1
Maidstone 006B,Other crime,1
Medway 003E,Vehicle crime,1
Medway 006C,Violence and sexual offences,1
Medway 015B,Violence and sexual offences,1
Medway 015G,Violence and sexual offences,1
Mendip 001D,Other crime,1
Milton Keynes 008D,Violence and sexual offences,1
Mendip 008E,Violence and sexual offences,1
Mid Sussex 007E,Violence and sexual offences,1
Middlesbrough 001D,Violence and sexual offences,1
Middlesbrough 003F,Other crime,1
Milton Keynes 001A,Violence and sexual offences,1
Milton Keynes 001E,Violence and sexual offences,1
Milton Keynes 002F,Vehicle crime,1
Huntingdonshire 018C,Drugs,1
Huntingdonshire 017B,Other crime,1
East Suffolk 027D,Violence and sexual offences,1
Haringey 004B,Violence and sexual offences,1
Hackney 015A,Violence and sexual offences,1
Hackney 019C,Public order,1
Hackney 026H,Violence and sexual offences,1
Hackney 033C,Violence and sexual offences,1
Hammersmith and Fulham 001F,Violence and sexual offences,1
Harborough 007E,Other crime,1
Haringey 001C,Violence and sexual offences,1
Haringey 013C,Violence and sexual offences,1
Greenwich 033C,Violence and sexual offences,1
Haringey 017D,Violence and sexual offences,1
Haringey 018A,Violence and sexual offences,1
Haringey 018D,Violence and sexual offences,1
Haringey 030C,Vehicle crime,1
Harlow 008D,Violence and sexual offences,1
Harrogate 011C,Violence and sexual offences,1
Harrogate 013F,Violence and sexual offences,1
Hackney 010F,Violence and sexual offences,1
Greenwich 032B,Violence and sexual offences,1
Harrow 011E,Robbery,1
Enfield 030D,Violence and sexual offences,1
Enfield 005D,Violence and sexual offences,1
Enfield 012F,Violence and sexual offences,1
Enfield 014A,Vehicle crime,1
Enfield 015B,Violence and sexual offences,1
Enfield 016F,Violence and sexual offences,1
Enfield 025C,Possession of weapons,1
Enfield 027C,Public order,1
Epsom and Ewell 004B,Other theft,1
Greenwich 005D,Violence and sexual offences,1
Fenland 004F,Violence and sexual offences,1
Fenland 005A,Other crime,1
Fenland 005B,Other crime,1
Gedling 014E,Violence and sexual offences,1
Gosport 007A,Violence and sexual offences,1
Gosport 008C,Violence and sexual offences,1
Greenwich 003A,Violence and sexual offences,1
Harrogate 018D,Drugs,1
Harrow 013G,Violence and sexual offences,1
Huntingdonshire 014F,Violence and sexual offences,1
Hounslow 025E,Violence and sexual offences,1
Hillingdon 031A,Violence and sexual offences,1
Hillingdon 031B,Violence and sexual offences,1
Hillingdon 031D,Violence and sexual offences,1
Horsham 004B,Other theft,1
Horsham 008D,Violence and sexual offences,1
Hounslow 010D,Other crime,1
Hounslow 016E,Public order,1
Hounslow 026E,Criminal damage and arson,1
Hillingdon 015H,Other theft,1
Hounslow 027B,Violence and sexual offences,1
Huntingdonshire 002D,Violence and sexual offences,1
Huntingdonshire 003E,Violence and sexual offences,1
Huntingdonshire 012A,Anti-social behaviour,1
Huntingdonshire 012B,Other crime,1
Barking and Dagenham 011C,Violence and sexual offences,1
Huntingdonshire 012F,Violence and sexual offences,1
Hillingdon 022A,Violence and sexual offences,1
Hillingdon 014E,Drugs,1
Harrow 021D,Violence and sexual offences,1
Herefordshire 022E,Vehicle crime,1
Harrow 028A,Violence and sexual offences,1
Harrow 033H,Violence and sexual offences,1
Hart 009A,Violence and sexual offences,1
Hastings 008E,Vehicle crime,1
Havant 018F,Violence and sexual offences,1
Havering 014A,Other crime,1
Herefordshire 019B,Other theft,1
Hertsmere 003E,Anti-social behaviour,1
Hillingdon 001C,Vehicle crime,1
Hertsmere 006B,Violence and sexual offences,1
Hertsmere 008C,Violence and sexual offences,1
Hertsmere 008D,Violence and sexual offences,1
Hertsmere 009C,Vehicle crime,1
Hertsmere 009D,Violence and sexual offences,1
Hertsmere 010B,Violence and sexual offences,1
Hertsmere 012F,Violence and sexual offences,1
Wyre 001F,Violence and sexual offences,1
